{
    "n_samples": 1319,
    "accuracy": 0.8817285822592873,
    "avg_cot_length": 188.54435178165278,
    "sample_latency": 0.07153661455323608,
    "total_inference_time": 94.35679459571838
}