{
    "n_samples": 1319,
    "accuracy": 0.9363153904473086,
    "total_inference_time": 233.5353820323944,
    "avg_cot_length": 271.6141015921152
}