{
    "n_samples": 1319,
    "accuracy": 0.9067475360121304,
    "total_inference_time": 154.74299788475037,
    "avg_cot_length": 153.95678544351782
}