{
    "n_samples": 1319,
    "accuracy": 0.7695223654283548,
    "total_inference_time": 57.765791177749634,
    "avg_cot_length": 195.10310841546627
}