{
    "n_samples": 1319,
    "accuracy": 0.8332069749810462,
    "avg_cot_length": 150.9059893858984,
    "sample_latency": 0.16168583063034508,
    "total_inference_time": 213.26361060142517
}