{
    "n_samples": 1319,
    "accuracy": 0.7899924184988628,
    "avg_cot_length": 225.78923426838514,
    "sample_latency": 0.0827258289357403,
    "total_inference_time": 109.11536836624146
}