{
    "n_samples": 1319,
    "accuracy": 0.9075056861258529,
    "avg_cot_length": 154.1243366186505,
    "sample_latency": 0.9928924290857323,
    "total_inference_time": 1309.6251139640808
}