{
    "n_samples": 1319,
    "accuracy": 0.9037149355572404,
    "total_inference_time": 105.5482246875763
}