{
    "n_samples": 1319,
    "accuracy": 0.7695223654283548,
    "avg_cot_length": 195.10310841546627,
    "sample_latency": 0.043599775110437076,
    "total_inference_time": 57.508103370666504
}