{
    "n_samples": 1319,
    "accuracy": 0.7422289613343442,
    "total_inference_time": 52.14255118370056
}