{
    "n_samples": 1319,
    "accuracy": 0.7695223654283548,
    "avg_cot_length": 195.10310841546627,
    "sample_latency": 0.04372983488555746,
    "total_inference_time": 57.67965221405029
}