{
    "n_samples": 1319,
    "accuracy": 0.819560272934041,
    "total_inference_time": 70.60620212554932,
    "avg_cot_length": 261.27748294162245
}