{
    "n_samples": 1319,
    "accuracy": 0.8870356330553449,
    "total_inference_time": 99.75710654258728,
    "avg_cot_length": 214.47611827141773
}