{
    "n_samples": 1319,
    "accuracy": 0.935557240333586,
    "avg_cot_length": 271.6141015921152,
    "sample_latency": 1.6548160501643507,
    "total_inference_time": 2182.7023701667786
}