{
    "n_samples": 1319,
    "accuracy": 0.7422289613343442,
    "total_inference_time": 51.92155933380127
}