{
    "n_samples": 1319,
    "accuracy": 0.8870356330553449,
    "total_inference_time": 99.08061671257019
}