{
    "n_samples": 1319,
    "accuracy": 0.9181197877179682,
    "total_inference_time": 169.75966930389404
}