{
    "n_samples": 1319,
    "accuracy": 0.909021986353298,
    "total_inference_time": 120.06722092628479
}