{
    "n_samples": 1319,
    "accuracy": 0.9363153904473086,
    "avg_cot_length": 244.3335860500379,
    "sample_latency": 0.1613494491287937,
    "total_inference_time": 212.8199234008789
}