{
    "n_samples": 1319,
    "accuracy": 0.8423047763457164,
    "total_inference_time": 75.49796485900879
}