{
    "n_samples": 1319,
    "accuracy": 0.819560272934041,
    "avg_cot_length": 261.27748294162245,
    "sample_latency": 0.05350960051136725,
    "total_inference_time": 70.57916307449341
}