{
    "n_samples": 1319,
    "accuracy": 0.9075056861258529,
    "avg_cot_length": 154.1243366186505,
    "sample_latency": 0.992293345196126,
    "total_inference_time": 1308.8349223136902
}