{
    "n_samples": 1319,
    "accuracy": 0.8278999241849886,
    "total_inference_time": 82.62726831436157,
    "avg_cot_length": 150.70811220621684
}