{
    "n_samples": 1319,
    "accuracy": 0.7422289613343442,
    "avg_cot_length": 171.80894617134192,
    "sample_latency": 0.06728067661976615,
    "total_inference_time": 88.74321246147156
}