{
    "n_samples": 1319,
    "accuracy": 0.9294920394238059,
    "total_inference_time": 191.7366406917572
}