{
    "n_samples": 1319,
    "accuracy": 0.7422289613343442,
    "avg_cot_length": 172.39423805913572,
    "sample_latency": 0.0396526550324782,
    "total_inference_time": 52.301851987838745
}