{
    "n_samples": 1319,
    "accuracy": 0.9075056861258529,
    "total_inference_time": 113.05762457847595
}