{
    "n_samples": 1319,
    "accuracy": 0.9075056861258529,
    "avg_cot_length": 256.21304018195605,
    "sample_latency": 0.08556905725492141,
    "total_inference_time": 112.86558651924133
}