{
    "n_samples": 1319,
    "accuracy": 0.9363153904473086,
    "total_inference_time": 232.38026356697083
}