{
    "n_samples": 1319,
    "accuracy": 0.8832448824867324,
    "avg_cot_length": 188.592873388931,
    "sample_latency": 0.19116236080808835,
    "total_inference_time": 252.14315390586853
}