{
    "n_samples": 1319,
    "accuracy": 0.9363153904473086,
    "avg_cot_length": 244.20015163002273,
    "sample_latency": 1.4971333703278953,
    "total_inference_time": 1974.718915462494
}