{
    "n_samples": 1319,
    "accuracy": 0.7695223654283548,
    "total_inference_time": 57.13708138465881
}