{
    "n_samples": 1319,
    "accuracy": 0.8051554207733131,
    "total_inference_time": 66.32482504844666
}