{
    "n_samples": 1319,
    "accuracy": 0.9302501895375285,
    "avg_cot_length": 210.5322213798332,
    "sample_latency": 1.3063317160429242,
    "total_inference_time": 1723.051533460617
}