{
    "n_samples": 1319,
    "accuracy": 0.8188021228203184,
    "avg_cot_length": 261.53222137983323,
    "sample_latency": 0.09251366229198303,
    "total_inference_time": 122.02552056312561
}