{
    "n_samples": 1319,
    "accuracy": 0.8817285822592873,
    "total_inference_time": 94.25719141960144
}