{
    "n_samples": 1319,
    "accuracy": 0.8423047763457164,
    "total_inference_time": 77.44048690795898,
    "avg_cot_length": 314.73161485974225
}