{
    "n_samples": 1319,
    "accuracy": 0.935557240333586,
    "avg_cot_length": 271.6141015921152,
    "sample_latency": 1.6533979536277765,
    "total_inference_time": 2180.8319008350372
}