{
    "n_samples": 1319,
    "accuracy": 0.8051554207733131,
    "total_inference_time": 66.77610468864441,
    "avg_cot_length": 244.99166034874906
}