{
    "n_samples": 1319,
    "accuracy": 0.9363153904473086,
    "avg_cot_length": 244.3335860500379,
    "sample_latency": 0.16134586525831013,
    "total_inference_time": 212.81519627571106
}