{
    "n_samples": 1319,
    "accuracy": 0.7899924184988628,
    "avg_cot_length": 225.78923426838514,
    "sample_latency": 0.08282895681079,
    "total_inference_time": 109.251394033432
}