{
    "n_samples": 1319,
    "accuracy": 0.909021986353298,
    "total_inference_time": 120.11015367507935,
    "avg_cot_length": 299.05307050796057
}