{
    "n_samples": 1319,
    "accuracy": 0.9363153904473086,
    "avg_cot_length": 244.20015163002273,
    "sample_latency": 1.4984493920801263,
    "total_inference_time": 1976.4547481536865
}