{
    "n_samples": 1319,
    "accuracy": 0.9067475360121304,
    "total_inference_time": 154.686461687088
}