{
    "n_samples": 1319,
    "accuracy": 0.9037149355572404,
    "total_inference_time": 105.56185841560364,
    "avg_cot_length": 235.00909780136467
}