{
    "n_samples": 1319,
    "accuracy": 0.9294920394238059,
    "total_inference_time": 250.15246891975403
}