{
    "n_samples": 1319,
    "accuracy": 0.8278999241849886,
    "total_inference_time": 82.45514798164368
}