{
    "n_samples": 1319,
    "accuracy": 0.8862774829416225,
    "avg_cot_length": 214.32752084912812,
    "sample_latency": 0.1273631913992742,
    "total_inference_time": 167.9920494556427
}