{
    "n_samples": 1319,
    "accuracy": 0.9166034874905231,
    "avg_cot_length": 179.7877179681577,
    "sample_latency": 1.1336284925577946,
    "total_inference_time": 1495.255981683731
}