{
    "n_samples": 1319,
    "accuracy": 0.7952994692949203,
    "avg_cot_length": 225.93025018953753,
    "sample_latency": 0.048565443941279735,
    "total_inference_time": 64.05782055854797
}