{
    "n_samples": 1319,
    "accuracy": 0.819560272934041,
    "total_inference_time": 69.46450901031494
}