{
    "n_samples": 1319,
    "accuracy": 0.819560272934041,
    "avg_cot_length": 261.27748294162245,
    "sample_latency": 0.05392080061900245,
    "total_inference_time": 71.12153601646423
}