{
    "n_samples": 1319,
    "accuracy": 0.8278999241849886,
    "avg_cot_length": 150.70811220621684,
    "sample_latency": 0.06266499794821924,
    "total_inference_time": 82.65513229370117
}