{
    "n_samples": 1319,
    "accuracy": 0.9075056861258529,
    "total_inference_time": 113.42335629463196,
    "avg_cot_length": 256.21304018195605
}