{
    "n_samples": 1319,
    "accuracy": 0.7952994692949203,
    "total_inference_time": 63.03243827819824
}