{
    "n_samples": 1319,
    "accuracy": 0.8278999241849886,
    "avg_cot_length": 150.70811220621684,
    "sample_latency": 0.06282016994195784,
    "total_inference_time": 82.85980415344238
}