{
    "n_samples": 1319,
    "accuracy": 0.9294920394238059,
    "total_inference_time": 191.85887837409973,
    "avg_cot_length": 210.20394238059134
}