{
    "n_samples": 1319,
    "accuracy": 0.9363153904473086,
    "avg_cot_length": 271.6141015921152,
    "sample_latency": 0.17695579861401609,
    "total_inference_time": 233.4046983718872
}